condition,previous,next,count,probability
I1-V1-R0,case_summary,inspect_voltage_state,20,0.9090909090909091
I1-V1-R0,inspect_voltage_state,get_bess_capabilities,22,0.9166666666666666
I1-V1-R0,get_bess_capabilities,preview_bess_dispatch,22,0.9166666666666666
I1-V1-R0,preview_bess_dispatch,preview_bess_dispatch,13,0.35135135135135137
I1-V1-R0,preview_bess_dispatch,submit,24,0.6486486486486487
I1-V0-R0,case_summary,inspect_voltage_state,23,0.92
I1-V0-R0,inspect_voltage_state,get_bess_capabilities,23,0.92
I1-V0-R0,get_bess_capabilities,submit,23,0.92
I1-V1-R1,case_summary,inspect_voltage_state,23,0.9583333333333334
I1-V1-R1,inspect_voltage_state,get_bess_capabilities,23,0.9583333333333334
I1-V1-R1,get_bess_capabilities,preview_bess_dispatch,23,0.9583333333333334
I1-V1-R1,preview_bess_dispatch,preview_bess_dispatch,17,0.4146341463414634
I1-V1-R1,preview_bess_dispatch,submit,24,0.5853658536585366
I0-V1-R0,case_summary,inspect_voltage_state,20,0.9523809523809523
I0-V1-R0,inspect_voltage_state,get_bess_capabilities,23,0.9583333333333334
I0-V1-R0,get_bess_capabilities,preview_bess_dispatch,22,0.9166666666666666
I0-V1-R0,preview_bess_dispatch,preview_bess_dispatch,12,0.3333333333333333
I0-V1-R0,preview_bess_dispatch,submit,24,0.6666666666666666
I1-V0-R1,case_summary,inspect_voltage_state,19,0.8260869565217391
I1-V0-R1,inspect_voltage_state,get_bess_capabilities,20,0.8695652173913043
I1-V0-R1,get_bess_capabilities,submit,21,0.875
I1-V0-R1,submit,submit,13,1.0
I0-V0-R0,case_summary,inspect_voltage_state,22,1.0
I0-V0-R0,inspect_voltage_state,get_bess_capabilities,24,1.0
I0-V0-R0,get_bess_capabilities,submit,24,1.0
I0-V1-R1,case_summary,inspect_voltage_state,21,0.875
I0-V1-R1,inspect_voltage_state,get_bess_capabilities,21,0.9130434782608695
I0-V1-R1,get_bess_capabilities,preview_bess_dispatch,22,0.9166666666666666
I0-V1-R1,preview_bess_dispatch,preview_bess_dispatch,14,0.3684210526315789
I0-V1-R1,preview_bess_dispatch,submit,24,0.631578947368421
I0-V0-R1,case_summary,get_bess_capabilities,1,0.043478260869565216
I0-V0-R1,get_bess_capabilities,inspect_voltage_state,1,0.041666666666666664
I0-V0-R1,inspect_voltage_state,submit,1,0.041666666666666664
I0-V0-R1,submit,submit,11,1.0
I0-V0-R1,case_summary,inspect_voltage_state,22,0.9565217391304348
I0-V0-R1,inspect_voltage_state,get_bess_capabilities,23,0.9583333333333334
I0-V0-R1,get_bess_capabilities,submit,23,0.9583333333333334
I1-V0-R0,case_summary,get_bess_capabilities,2,0.08
I1-V0-R0,get_bess_capabilities,inspect_voltage_state,2,0.08
I1-V0-R0,inspect_voltage_state,case_summary,1,0.04
I1-V0-R0,inspect_voltage_state,submit,1,0.04
I1-V1-R1,case_summary,get_bess_capabilities,1,0.041666666666666664
I1-V1-R1,get_bess_capabilities,inspect_voltage_state,1,0.041666666666666664
I1-V1-R1,inspect_voltage_state,preview_bess_dispatch,1,0.041666666666666664
I0-V1-R0,get_bess_capabilities,case_summary,1,0.041666666666666664
I0-V1-R0,case_summary,preview_bess_dispatch,1,0.047619047619047616
I0-V1-R1,case_summary,get_bess_capabilities,3,0.125
I0-V1-R1,get_bess_capabilities,inspect_voltage_state,2,0.08333333333333333
I0-V1-R1,inspect_voltage_state,preview_bess_dispatch,2,0.08695652173913043
I1-V0-R1,case_summary,get_bess_capabilities,4,0.17391304347826086
I1-V0-R1,get_bess_capabilities,inspect_voltage_state,3,0.125
I1-V0-R1,inspect_voltage_state,submit,3,0.13043478260869565
I1-V1-R0,case_summary,get_bess_capabilities,2,0.09090909090909091
I1-V1-R0,get_bess_capabilities,inspect_voltage_state,2,0.08333333333333333
I1-V1-R0,inspect_voltage_state,preview_bess_dispatch,2,0.08333333333333333
I0-V1-R0,get_bess_capabilities,inspect_voltage_state,1,0.041666666666666664
I0-V1-R0,inspect_voltage_state,preview_bess_dispatch,1,0.041666666666666664
