difficulty,condition,n,n_scenarios,success_rate,ci_low,ci_high,first_pass_success,recovery_denominator,recovery_rate,valid_action,power_flows,tokens,token_coverage,latency_seconds
easy,I0-V0-R0,8,8,0.25,0.0,0.5,0.25,6,0.0,1.0,2.0,14143.625,1.0,16.10480927500248
easy,I0-V0-R1,8,8,1.0,1.0,1.0,0.375,5,1.0,1.0,2.75,19570.0,1.0,25.827214375003678
easy,I0-V1-R0,8,8,1.0,1.0,1.0,1.0,0,,1.0,3.75,16889.5,1.0,10.851952199998777
easy,I0-V1-R1,8,8,1.0,1.0,1.0,1.0,0,,1.0,3.75,19801.0,1.0,10.984667724991596
easy,I1-V0-R0,8,8,0.5,0.125,0.875,0.5,4,0.0,1.0,2.0,13352.875,1.0,14.50205297499997
easy,I1-V0-R1,8,8,0.875,0.625,1.0,0.375,5,0.8,1.0,2.625,29994.875,1.0,35.911772287498025
easy,I1-V1-R0,8,8,1.0,1.0,1.0,1.0,0,,1.0,3.75,17668.0,1.0,8.017212937502336
easy,I1-V1-R1,8,8,1.0,1.0,1.0,1.0,0,,1.0,3.75,17691.25,1.0,8.28281126249567
hard,I0-V0-R0,8,8,0.875,0.625,1.0,0.875,1,0.0,1.0,2.0,9887.75,1.0,9.26752863749789
hard,I0-V0-R1,8,8,1.0,1.0,1.0,0.875,1,1.0,1.0,2.25,14728.5,1.0,14.057533087503543
hard,I0-V1-R0,8,8,1.0,1.0,1.0,1.0,0,,1.0,3.125,14476.25,1.0,8.369911150002736
hard,I0-V1-R1,8,8,1.0,1.0,1.0,1.0,0,,1.0,3.5,19243.875,1.0,10.73341249999794
hard,I1-V0-R0,8,8,0.625,0.25,1.0,0.625,3,0.0,1.0,2.0,29297.25,1.0,30.259840200003964
hard,I1-V0-R1,8,8,1.0,1.0,1.0,0.5,4,1.0,1.0,2.5,15836.875,1.0,16.66508828750011
hard,I1-V1-R0,8,8,1.0,1.0,1.0,1.0,0,,1.0,3.5,17419.625,1.0,7.712493675004225
hard,I1-V1-R1,8,8,1.0,1.0,1.0,1.0,0,,1.0,3.75,18094.625,1.0,8.224843062493164
medium,I0-V0-R0,8,8,0.625,0.25,0.875,0.625,3,0.0,1.0,2.0,15032.0,1.0,17.23229154999717
medium,I0-V0-R1,8,8,1.0,1.0,1.0,0.625,3,1.0,1.0,2.375,17814.25,1.0,20.691521425003884
medium,I0-V1-R0,8,8,1.0,1.0,1.0,1.0,0,,1.0,3.625,16682.125,1.0,10.731234100010624
medium,I0-V1-R1,8,8,1.0,1.0,1.0,1.0,0,,1.0,3.5,20076.0,1.0,14.238052262498968
medium,I1-V0-R0,8,8,0.5,0.125,0.875,0.5,4,0.0,1.0,2.0,13533.625,1.0,13.629931612504151
medium,I1-V0-R1,8,8,1.0,1.0,1.0,0.5,4,1.0,1.0,2.5,15523.75,1.0,18.147332912496495
medium,I1-V1-R0,8,8,1.0,1.0,1.0,1.0,0,,1.0,3.375,13244.125,1.0,8.531248412502464
medium,I1-V1-R1,8,8,1.0,1.0,1.0,1.0,0,,1.0,3.625,17971.75,1.0,8.646885087506234
