condition,scenario_id,repetition_index,category,k,first_streak_length,next_relevant_operation_success,next_unobserved,eventual_operation_recovery,final_success,termination_reason
I1-V1-R0,D0005,0,physical,1,1,1,False,1,1.0,success
I1-V0-R0,D0005,0,physical,1,1,,True,0,0.0,first_failure_no_recovery
I1-V1-R1,D0005,0,physical,1,1,1,False,1,1.0,success
I0-V1-R0,D0005,0,physical,1,1,1,False,1,1.0,success
I1-V0-R1,D0005,0,physical,1,1,1,False,1,1.0,success
I0-V0-R0,D0005,0,physical,1,1,,True,0,0.0,first_failure_no_recovery
I0-V1-R1,D0005,0,physical,1,1,1,False,1,1.0,success
I0-V0-R1,D0005,0,physical,1,1,1,False,1,1.0,success
I1-V0-R0,D0012,0,command,1,1,1,False,1,1.0,success
I0-V0-R0,D0006,0,command,1,1,1,False,1,1.0,success
I1-V1-R0,D0023,0,physical,1,1,1,False,1,1.0,success
I1-V0-R0,D0023,0,physical,1,1,,True,0,0.0,first_failure_no_recovery
I1-V0-R1,D0023,0,physical,1,1,1,False,1,1.0,success
I1-V0-R0,D0021,0,command,1,1,1,False,1,1.0,success
I1-V1-R0,D0003,0,physical,1,1,1,False,1,1.0,success
I0-V0-R1,D0003,0,physical,1,1,1,False,1,1.0,success
I0-V0-R0,D0003,0,physical,1,1,,True,0,0.0,first_failure_no_recovery
I1-V0-R0,D0003,0,physical,1,1,,True,0,0.0,first_failure_no_recovery
I0-V1-R0,D0003,0,physical,1,1,1,False,1,1.0,success
I0-V1-R1,D0003,0,physical,1,1,1,False,1,1.0,success
I1-V0-R1,D0003,0,physical,1,1,1,False,1,1.0,success
I1-V0-R1,D0009,0,command,1,1,1,False,1,1.0,success
I1-V0-R1,D0009,0,physical,1,1,1,False,1,1.0,success
I0-V1-R0,D0002,0,physical,1,1,1,False,1,1.0,success
I1-V1-R1,D0002,0,physical,1,1,1,False,1,1.0,success
I0-V0-R0,D0002,0,command,1,1,1,False,1,0.0,first_failure_no_recovery
I0-V0-R0,D0002,0,physical,1,1,,True,0,0.0,first_failure_no_recovery
I0-V1-R1,D0002,0,command,1,1,1,False,1,1.0,success
I0-V1-R1,D0002,0,physical,1,1,1,False,1,1.0,success
I1-V0-R1,D0002,0,physical,1,1,1,False,1,1.0,success
I1-V1-R0,D0002,0,physical,1,1,1,False,1,1.0,success
I0-V0-R1,D0002,0,physical,1,1,1,False,1,1.0,success
I1-V1-R0,D0001,0,physical,1,2,0,False,1,1.0,success
I1-V1-R0,D0001,0,physical,2,2,1,False,1,1.0,success
I1-V0-R0,D0001,0,physical,1,1,,True,0,0.0,first_failure_no_recovery
I1-V1-R1,D0001,0,physical,1,1,1,False,1,1.0,success
I0-V1-R0,D0001,0,physical,1,1,1,False,1,1.0,success
I0-V0-R0,D0001,0,physical,1,1,,True,0,0.0,first_failure_no_recovery
I0-V0-R1,D0001,0,physical,1,1,1,False,1,1.0,success
I0-V1-R1,D0001,0,physical,1,1,1,False,1,1.0,success
I1-V1-R0,D0020,0,physical,1,1,1,False,1,1.0,success
I0-V1-R0,D0020,0,physical,1,1,1,False,1,1.0,success
I0-V1-R1,D0020,0,physical,1,1,1,False,1,1.0,success
I0-V0-R1,D0020,0,command,1,1,1,False,1,1.0,success
I0-V0-R1,D0020,0,physical,1,1,1,False,1,1.0,success
I1-V1-R1,D0020,0,physical,1,2,0,False,1,1.0,success
I1-V1-R1,D0020,0,physical,2,2,1,False,1,1.0,success
I1-V0-R1,D0020,0,command,1,1,1,False,1,1.0,success
I1-V0-R1,D0020,0,physical,1,1,1,False,1,1.0,success
I1-V0-R0,D0020,0,physical,1,1,,True,0,0.0,first_failure_no_recovery
I0-V0-R0,D0020,0,command,1,1,1,False,1,0.0,first_failure_no_recovery
I0-V0-R0,D0020,0,physical,1,1,,True,0,0.0,first_failure_no_recovery
I1-V0-R0,D0019,0,physical,1,1,,True,0,0.0,first_failure_no_recovery
I0-V1-R1,D0019,0,command,1,1,1,False,1,1.0,success
I1-V0-R1,D0015,0,command,1,1,1,False,1,0.0,turn_limit
I1-V0-R1,D0015,0,physical,1,2,0,False,0,0.0,turn_limit
I1-V0-R1,D0015,0,physical,2,2,,True,0,0.0,turn_limit
I0-V0-R0,D0015,0,command,1,1,1,False,1,0.0,first_failure_no_recovery
I0-V0-R0,D0015,0,physical,1,1,,True,0,0.0,first_failure_no_recovery
I1-V0-R0,D0015,0,physical,1,1,,True,0,0.0,first_failure_no_recovery
I0-V1-R0,D0015,0,physical,1,1,1,False,1,1.0,success
I0-V1-R1,D0015,0,physical,1,1,1,False,1,1.0,success
I0-V0-R1,D0015,0,command,1,2,0,False,1,1.0,success
I0-V0-R1,D0015,0,command,2,2,1,False,1,1.0,success
I1-V1-R1,D0015,0,physical,1,1,1,False,1,1.0,success
I0-V0-R0,D0013,0,physical,1,1,,True,0,0.0,first_failure_no_recovery
I0-V0-R1,D0013,0,command,1,2,0,False,1,1.0,success
I0-V0-R1,D0013,0,command,2,2,1,False,1,1.0,success
I0-V0-R1,D0013,0,physical,1,2,0,False,1,1.0,success
I0-V0-R1,D0013,0,physical,2,2,1,False,1,1.0,success
I1-V0-R0,D0013,0,command,1,1,1,False,1,0.0,first_failure_no_recovery
I1-V0-R0,D0013,0,physical,1,1,,True,0,0.0,first_failure_no_recovery
I0-V1-R0,D0013,0,physical,1,1,1,False,1,1.0,success
I1-V0-R1,D0013,0,command,1,1,1,False,1,1.0,success
I1-V0-R1,D0013,0,physical,1,1,1,False,1,1.0,success
I1-V1-R1,D0013,0,physical,1,1,1,False,1,1.0,success
I1-V0-R1,D0018,0,command,1,1,1,False,1,1.0,success
I1-V0-R1,D0018,0,physical,1,1,1,False,1,1.0,success
I1-V1-R1,D0018,0,command,1,1,1,False,1,1.0,success
I1-V0-R0,D0018,0,command,1,1,1,False,1,1.0,success
I1-V0-R0,D0008,0,command,1,1,1,False,1,1.0,success
I0-V0-R0,D0008,0,command,1,1,1,False,1,1.0,success
I1-V0-R1,D0008,0,command,1,1,1,False,1,1.0,success
I0-V0-R0,D0024,0,physical,1,1,,True,0,0.0,first_failure_no_recovery
I0-V1-R1,D0024,0,physical,1,2,0,False,1,1.0,success
I0-V1-R1,D0024,0,physical,2,2,1,False,1,1.0,success
I1-V1-R1,D0024,0,physical,1,2,0,False,1,1.0,success
I1-V1-R1,D0024,0,physical,2,2,1,False,1,1.0,success
I1-V1-R0,D0024,0,command,1,1,1,False,1,1.0,success
I1-V1-R0,D0024,0,physical,1,1,1,False,1,1.0,success
I1-V0-R1,D0024,0,physical,1,1,1,False,1,1.0,success
I0-V1-R0,D0024,0,physical,1,1,1,False,1,1.0,success
I0-V0-R1,D0024,0,physical,1,2,0,False,1,1.0,success
I0-V0-R1,D0024,0,physical,2,2,1,False,1,1.0,success
I1-V0-R0,D0024,0,physical,1,1,,True,0,0.0,first_failure_no_recovery
I1-V1-R1,D0022,0,physical,1,1,1,False,1,1.0,success
I0-V0-R1,D0022,0,command,1,1,1,False,1,1.0,success
I1-V0-R1,D0022,0,command,1,1,1,False,1,1.0,success
I1-V0-R1,D0022,0,physical,1,1,1,False,1,1.0,success
I1-V0-R0,D0022,0,physical,1,1,,True,0,0.0,first_failure_no_recovery
I1-V1-R0,D0017,0,physical,1,1,1,False,1,1.0,success
I1-V0-R1,D0017,0,physical,1,1,1,False,1,1.0,success
I0-V0-R1,D0017,0,command,1,3,0,False,1,1.0,success
I0-V0-R1,D0017,0,command,2,3,0,False,1,1.0,success
I0-V0-R1,D0017,0,command,3,3,1,False,1,1.0,success
I0-V0-R1,D0017,0,physical,1,1,1,False,1,1.0,success
I1-V0-R0,D0017,0,physical,1,1,,True,0,0.0,first_failure_no_recovery
I0-V0-R0,D0017,0,physical,1,1,,True,0,0.0,first_failure_no_recovery
I1-V1-R1,D0017,0,physical,1,1,1,False,1,1.0,success
I0-V1-R0,D0017,0,physical,1,2,0,False,1,1.0,success
I0-V1-R0,D0017,0,physical,2,2,1,False,1,1.0,success
I0-V1-R1,D0017,0,physical,1,2,0,False,1,1.0,success
I0-V1-R1,D0017,0,physical,2,2,1,False,1,1.0,success
I1-V1-R1,D0011,0,physical,1,1,1,False,1,1.0,success
I1-V0-R0,D0011,0,command,1,1,1,False,1,1.0,success
I0-V1-R0,D0004,0,physical,1,1,1,False,1,1.0,success
I1-V0-R0,D0004,0,command,1,1,1,False,1,1.0,success
I0-V0-R1,D0004,0,physical,1,1,1,False,1,1.0,success
I0-V1-R1,D0004,0,physical,1,2,0,False,1,1.0,success
I0-V1-R1,D0004,0,physical,2,2,1,False,1,1.0,success
I1-V1-R1,D0004,0,physical,1,1,1,False,1,1.0,success
I1-V0-R1,D0004,0,physical,1,1,1,False,1,1.0,success
I0-V0-R0,D0004,0,physical,1,1,,True,0,0.0,first_failure_no_recovery
I1-V1-R0,D0004,0,physical,1,1,1,False,1,1.0,success
