condition,scenario_id,repetition_index,recovery_enabled,first_failure_type,final_success,final_failure,censored,termination_reason
I1-V0-R0,D0005,0,0,voltage_unresolved,0.0,1.0,False,first_failure_no_recovery
I1-V0-R1,D0005,0,1,voltage_unresolved,1.0,0.0,False,success
I0-V0-R0,D0005,0,0,voltage_unresolved,0.0,1.0,False,first_failure_no_recovery
I0-V0-R1,D0005,0,1,voltage_unresolved,1.0,0.0,False,success
I1-V0-R0,D0023,0,0,voltage_unresolved,0.0,1.0,False,first_failure_no_recovery
I1-V0-R1,D0023,0,1,voltage_unresolved,1.0,0.0,False,success
I0-V0-R1,D0003,0,1,voltage_unresolved,1.0,0.0,False,success
I0-V0-R0,D0003,0,0,voltage_unresolved,0.0,1.0,False,first_failure_no_recovery
I1-V0-R0,D0003,0,0,voltage_unresolved,0.0,1.0,False,first_failure_no_recovery
I1-V0-R1,D0003,0,1,voltage_unresolved,1.0,0.0,False,success
I1-V0-R1,D0009,0,1,voltage_unresolved,1.0,0.0,False,success
I0-V0-R0,D0002,0,0,voltage_unresolved,0.0,1.0,False,first_failure_no_recovery
I1-V0-R1,D0002,0,1,voltage_unresolved,1.0,0.0,False,success
I0-V0-R1,D0002,0,1,voltage_unresolved,1.0,0.0,False,success
I1-V0-R0,D0001,0,0,voltage_unresolved,0.0,1.0,False,first_failure_no_recovery
I0-V0-R0,D0001,0,0,voltage_unresolved,0.0,1.0,False,first_failure_no_recovery
I0-V0-R1,D0001,0,1,voltage_unresolved,1.0,0.0,False,success
I0-V0-R1,D0020,0,1,voltage_unresolved,1.0,0.0,False,success
I1-V0-R1,D0020,0,1,voltage_unresolved,1.0,0.0,False,success
I1-V0-R0,D0020,0,0,voltage_unresolved,0.0,1.0,False,first_failure_no_recovery
I0-V0-R0,D0020,0,0,voltage_unresolved,0.0,1.0,False,first_failure_no_recovery
I1-V0-R0,D0019,0,0,voltage_unresolved,0.0,1.0,False,first_failure_no_recovery
I1-V0-R1,D0015,0,1,voltage_unresolved,0.0,1.0,False,turn_limit
I0-V0-R0,D0015,0,0,voltage_unresolved,0.0,1.0,False,first_failure_no_recovery
I1-V0-R0,D0015,0,0,voltage_unresolved,0.0,1.0,False,first_failure_no_recovery
I0-V0-R0,D0013,0,0,voltage_unresolved,0.0,1.0,False,first_failure_no_recovery
I0-V0-R1,D0013,0,1,voltage_unresolved,1.0,0.0,False,success
I1-V0-R0,D0013,0,0,voltage_unresolved,0.0,1.0,False,first_failure_no_recovery
I1-V0-R1,D0013,0,1,voltage_unresolved,1.0,0.0,False,success
I1-V0-R1,D0018,0,1,voltage_unresolved,1.0,0.0,False,success
I0-V0-R0,D0024,0,0,voltage_unresolved,0.0,1.0,False,first_failure_no_recovery
I1-V0-R1,D0024,0,1,voltage_unresolved,1.0,0.0,False,success
I0-V0-R1,D0024,0,1,voltage_unresolved,1.0,0.0,False,success
I1-V0-R0,D0024,0,0,voltage_unresolved,0.0,1.0,False,first_failure_no_recovery
I1-V0-R1,D0022,0,1,voltage_unresolved,1.0,0.0,False,success
I1-V0-R0,D0022,0,0,voltage_unresolved,0.0,1.0,False,first_failure_no_recovery
I1-V0-R1,D0017,0,1,voltage_unresolved,1.0,0.0,False,success
I0-V0-R1,D0017,0,1,voltage_unresolved,1.0,0.0,False,success
I1-V0-R0,D0017,0,0,voltage_unresolved,0.0,1.0,False,first_failure_no_recovery
I0-V0-R0,D0017,0,0,voltage_unresolved,0.0,1.0,False,first_failure_no_recovery
I0-V0-R1,D0004,0,1,voltage_unresolved,1.0,0.0,False,success
I1-V0-R1,D0004,0,1,voltage_unresolved,1.0,0.0,False,success
I0-V0-R0,D0004,0,0,voltage_unresolved,0.0,1.0,False,first_failure_no_recovery
