condition,threshold_cny,known_success_by_amount,planned,fraction,note
I0-V0-R0,0.02,12,24,0.5,"observed trajectories only, not causal budget sweep; unobserved tasks retained in denominator"
I0-V0-R0,0.05,14,24,0.5833333333333334,"observed trajectories only, not causal budget sweep; unobserved tasks retained in denominator"
I0-V0-R0,0.1,14,24,0.5833333333333334,"observed trajectories only, not causal budget sweep; unobserved tasks retained in denominator"
I0-V0-R0,0.2,14,24,0.5833333333333334,"observed trajectories only, not causal budget sweep; unobserved tasks retained in denominator"
I0-V0-R1,0.02,16,24,0.6666666666666666,"observed trajectories only, not causal budget sweep; unobserved tasks retained in denominator"
I0-V0-R1,0.05,21,24,0.875,"observed trajectories only, not causal budget sweep; unobserved tasks retained in denominator"
I0-V0-R1,0.1,23,24,0.9583333333333334,"observed trajectories only, not causal budget sweep; unobserved tasks retained in denominator"
I0-V0-R1,0.2,23,24,0.9583333333333334,"observed trajectories only, not causal budget sweep; unobserved tasks retained in denominator"
I0-V1-R0,0.02,23,24,0.9583333333333334,"observed trajectories only, not causal budget sweep; unobserved tasks retained in denominator"
I0-V1-R0,0.05,23,24,0.9583333333333334,"observed trajectories only, not causal budget sweep; unobserved tasks retained in denominator"
I0-V1-R0,0.1,23,24,0.9583333333333334,"observed trajectories only, not causal budget sweep; unobserved tasks retained in denominator"
I0-V1-R0,0.2,23,24,0.9583333333333334,"observed trajectories only, not causal budget sweep; unobserved tasks retained in denominator"
I0-V1-R1,0.02,21,24,0.875,"observed trajectories only, not causal budget sweep; unobserved tasks retained in denominator"
I0-V1-R1,0.05,24,24,1.0,"observed trajectories only, not causal budget sweep; unobserved tasks retained in denominator"
I0-V1-R1,0.1,24,24,1.0,"observed trajectories only, not causal budget sweep; unobserved tasks retained in denominator"
I0-V1-R1,0.2,24,24,1.0,"observed trajectories only, not causal budget sweep; unobserved tasks retained in denominator"
I1-V0-R0,0.02,6,24,0.25,"observed trajectories only, not causal budget sweep; unobserved tasks retained in denominator"
I1-V0-R0,0.05,11,24,0.4583333333333333,"observed trajectories only, not causal budget sweep; unobserved tasks retained in denominator"
I1-V0-R0,0.1,11,24,0.4583333333333333,"observed trajectories only, not causal budget sweep; unobserved tasks retained in denominator"
I1-V0-R0,0.2,12,24,0.5,"observed trajectories only, not causal budget sweep; unobserved tasks retained in denominator"
I1-V0-R1,0.02,16,24,0.6666666666666666,"observed trajectories only, not causal budget sweep; unobserved tasks retained in denominator"
I1-V0-R1,0.05,22,24,0.9166666666666666,"observed trajectories only, not causal budget sweep; unobserved tasks retained in denominator"
I1-V0-R1,0.1,22,24,0.9166666666666666,"observed trajectories only, not causal budget sweep; unobserved tasks retained in denominator"
I1-V0-R1,0.2,22,24,0.9166666666666666,"observed trajectories only, not causal budget sweep; unobserved tasks retained in denominator"
I1-V1-R0,0.02,24,24,1.0,"observed trajectories only, not causal budget sweep; unobserved tasks retained in denominator"
I1-V1-R0,0.05,24,24,1.0,"observed trajectories only, not causal budget sweep; unobserved tasks retained in denominator"
I1-V1-R0,0.1,24,24,1.0,"observed trajectories only, not causal budget sweep; unobserved tasks retained in denominator"
I1-V1-R0,0.2,24,24,1.0,"observed trajectories only, not causal budget sweep; unobserved tasks retained in denominator"
I1-V1-R1,0.02,24,24,1.0,"observed trajectories only, not causal budget sweep; unobserved tasks retained in denominator"
I1-V1-R1,0.05,24,24,1.0,"observed trajectories only, not causal budget sweep; unobserved tasks retained in denominator"
I1-V1-R1,0.1,24,24,1.0,"observed trajectories only, not causal budget sweep; unobserved tasks retained in denominator"
I1-V1-R1,0.2,24,24,1.0,"observed trajectories only, not causal budget sweep; unobserved tasks retained in denominator"
