condition,scenario_id,repetition_index,turn,preview_success,next_preview_success,consecutive_nonimproving_transitions,violation_improvement,repeated_next_dispatch,same_following_submit,following_submit_success
I1-V1-R0,D0005,0,4,0,1,0,0.008317444027625243,0,0,1
I1-V1-R0,D0005,0,5,1,,0,,,1,1
I1-V1-R1,D0005,0,4,0,1,0,0.008317444027625243,0,0,1
I1-V1-R1,D0005,0,5,1,,0,,,1,1
I0-V1-R0,D0005,0,4,0,1,0,0.008317444027625243,0,0,1
I0-V1-R0,D0005,0,5,1,,0,,,1,1
I0-V1-R1,D0005,0,4,0,1,0,0.008317444027625243,0,0,1
I0-V1-R1,D0005,0,5,1,,0,,,1,1
I0-V1-R1,D0012,0,4,1,,0,,,1,1
I1-V1-R1,D0012,0,4,1,,0,,,1,1
I0-V1-R0,D0012,0,4,1,,0,,,1,1
I1-V1-R0,D0012,0,4,1,,0,,,1,1
I0-V1-R1,D0007,0,4,1,,0,,,1,1
I1-V1-R1,D0007,0,4,1,1,1,0.0,0,0,1
I1-V1-R1,D0007,0,5,1,,0,,,1,1
I0-V1-R0,D0007,0,4,1,1,1,0.0,0,0,1
I0-V1-R0,D0007,0,5,1,,0,,,1,1
I1-V1-R0,D0007,0,4,1,,0,,,1,1
I1-V1-R0,D0006,0,4,1,,0,,,1,1
I0-V1-R0,D0006,0,4,1,,0,,,1,1
I1-V1-R1,D0006,0,4,1,,0,,,1,1
I0-V1-R1,D0006,0,4,1,,0,,,1,1
I0-V1-R0,D0023,0,4,1,,0,,,1,1
I1-V1-R0,D0023,0,4,0,1,0,0.088636324182783,0,0,1
I1-V1-R0,D0023,0,5,1,,0,,,1,1
I1-V1-R1,D0023,0,4,1,,0,,,1,1
I0-V1-R1,D0023,0,4,1,,0,,,1,1
I1-V1-R0,D0021,0,4,1,1,1,0.0,0,0,1
I1-V1-R0,D0021,0,5,1,1,2,0.0,0,1,1
I1-V1-R0,D0021,0,6,1,,0,,,0,1
I0-V1-R1,D0021,0,4,1,1,1,0.0,0,0,1
I0-V1-R1,D0021,0,5,1,,0,,,1,1
I0-V1-R0,D0021,0,4,1,,0,,,1,1
I1-V1-R1,D0021,0,4,1,1,1,0.0,0,0,1
I1-V1-R1,D0021,0,5,1,1,2,0.0,0,1,1
I1-V1-R1,D0021,0,6,1,,0,,,0,1
I1-V1-R0,D0003,0,4,0,1,0,0.05977481840119836,0,0,1
I1-V1-R0,D0003,0,5,1,,0,,,1,1
I1-V1-R1,D0003,0,4,1,1,1,0.0,0,0,1
I1-V1-R1,D0003,0,5,1,,0,,,1,1
I0-V1-R0,D0003,0,4,0,1,0,0.05977481840119836,0,0,1
I0-V1-R0,D0003,0,5,1,,0,,,1,1
I0-V1-R1,D0003,0,4,0,1,0,0.05977481840119836,0,0,1
I0-V1-R1,D0003,0,5,1,,0,,,1,1
I1-V1-R1,D0009,0,4,1,,0,,,1,1
I0-V1-R1,D0009,0,4,1,,0,,,1,1
I0-V1-R0,D0009,0,4,1,,0,,,1,1
I1-V1-R0,D0009,0,4,1,,0,,,1,1
I0-V1-R0,D0002,0,3,0,1,0,0.06600452515056254,0,0,1
I0-V1-R0,D0002,0,4,1,,0,,,1,1
I1-V1-R1,D0002,0,4,0,1,0,0.06600452515056254,0,0,1
I1-V1-R1,D0002,0,5,1,,0,,,1,1
I0-V1-R1,D0002,0,5,0,1,0,0.06600452515056254,0,0,1
I0-V1-R1,D0002,0,6,1,,0,,,1,1
I1-V1-R0,D0002,0,4,0,1,0,0.06600452515056254,0,0,1
I1-V1-R0,D0002,0,5,1,,0,,,1,1
I1-V1-R0,D0001,0,4,0,0,0,0.03691378032569137,0,0,1
I1-V1-R0,D0001,0,5,0,1,0,0.044758691365849756,0,0,1
I1-V1-R0,D0001,0,6,1,,0,,,1,1
I1-V1-R1,D0001,0,4,0,1,0,0.08167247169154113,0,0,1
I1-V1-R1,D0001,0,5,1,,0,,,1,1
I0-V1-R0,D0001,0,4,0,1,0,0.08167247169154113,0,0,1
I0-V1-R0,D0001,0,5,1,,0,,,1,1
I0-V1-R1,D0001,0,4,0,1,0,0.08167247169154113,0,0,1
I0-V1-R1,D0001,0,5,1,,0,,,1,1
I1-V1-R0,D0020,0,4,0,1,0,0.04586277045049303,0,0,1
I1-V1-R0,D0020,0,5,1,,0,,,1,1
I0-V1-R0,D0020,0,4,0,1,0,0.014000311262661658,0,0,1
I0-V1-R0,D0020,0,5,1,,0,,,1,1
I0-V1-R1,D0020,0,4,0,1,0,0.014000311262661658,0,0,1
I0-V1-R1,D0020,0,5,1,,0,,,1,1
I1-V1-R1,D0020,0,4,0,0,0,0.15778536979040492,0,0,1
I1-V1-R1,D0020,0,5,0,1,0,0.014000311262661658,0,0,1
I1-V1-R1,D0020,0,6,1,,0,,,1,1
I1-V1-R0,D0019,0,3,1,,0,,,1,1
I0-V1-R1,D0019,0,5,1,,0,,,1,1
I0-V1-R0,D0019,0,4,1,,0,,,1,1
I1-V1-R1,D0019,0,4,1,,0,,,1,1
I0-V1-R0,D0010,0,4,1,,0,,,1,1
I1-V1-R0,D0010,0,4,1,,0,,,1,1
I0-V1-R1,D0010,0,4,1,1,1,0.0,1,1,1
I0-V1-R1,D0010,0,5,1,,0,,,1,1
I1-V1-R1,D0010,0,4,1,,0,,,1,1
I1-V1-R0,D0015,0,4,1,1,1,0.0,0,0,1
I1-V1-R0,D0015,0,5,1,,0,,,1,1
I0-V1-R0,D0015,0,4,0,1,0,0.12368744040177038,0,0,1
I0-V1-R0,D0015,0,5,1,,0,,,1,1
I0-V1-R1,D0015,0,4,0,1,0,0.029632328363197846,0,0,1
I0-V1-R1,D0015,0,5,1,,0,,,1,1
I1-V1-R1,D0015,0,4,0,1,0,0.0843826849458369,0,0,1
I1-V1-R1,D0015,0,5,1,,0,,,1,1
I1-V1-R0,D0013,0,4,1,,0,,,1,1
I0-V1-R1,D0013,0,4,1,,0,,,1,1
I0-V1-R0,D0013,0,4,0,1,0,0.15039347156450844,0,0,1
I0-V1-R0,D0013,0,5,1,,0,,,1,1
I1-V1-R1,D0013,0,4,0,1,0,0.15039347156450844,0,0,1
I1-V1-R1,D0013,0,5,1,,0,,,1,1
I1-V1-R1,D0016,0,4,1,,0,,,1,1
I0-V1-R0,D0016,0,4,1,,0,,,1,1
I1-V1-R0,D0016,0,4,1,,0,,,1,1
I0-V1-R1,D0016,0,4,1,,0,,,1,1
I1-V1-R1,D0014,0,4,1,,0,,,1,1
I1-V1-R0,D0014,0,4,1,,0,,,1,1
I0-V1-R0,D0014,0,4,1,,0,,,1,1
I0-V1-R1,D0014,0,4,1,,0,,,1,1
I1-V1-R0,D0018,0,4,1,,0,,,1,1
I0-V1-R1,D0018,0,4,1,,0,,,1,1
I1-V1-R1,D0018,0,5,1,,0,,,1,1
I0-V1-R0,D0018,0,4,1,,0,,,1,1
I1-V1-R0,D0008,0,4,1,,0,,,1,1
I0-V1-R0,D0008,0,4,1,,0,,,1,1
I1-V1-R1,D0008,0,4,1,,0,,,1,1
I0-V1-R1,D0008,0,3,1,,0,,,1,1
I0-V1-R1,D0024,0,4,0,0,1,-0.04765606126920652,0,0,1
I0-V1-R1,D0024,0,5,0,1,0,0.05068739667385058,0,0,1
I0-V1-R1,D0024,0,6,1,,0,,,1,1
I1-V1-R1,D0024,0,4,0,0,1,-0.04765606126920652,0,0,1
I1-V1-R1,D0024,0,5,0,1,0,0.05068739667385058,0,0,1
I1-V1-R1,D0024,0,6,1,,0,,,1,1
I1-V1-R0,D0024,0,5,0,1,0,0.0030313354046440644,0,0,1
I1-V1-R0,D0024,0,6,1,,0,,,1,1
I0-V1-R0,D0024,0,4,0,1,0,0.0030313354046440644,0,0,1
I0-V1-R0,D0024,0,5,1,,0,,,1,1
I0-V1-R1,D0022,0,4,1,,0,,,1,1
I1-V1-R1,D0022,0,4,0,1,0,0.016633276045461165,0,0,1
I1-V1-R1,D0022,0,5,1,,0,,,1,1
I1-V1-R0,D0022,0,4,1,,0,,,1,1
I0-V1-R0,D0022,0,4,1,,0,,,1,1
I1-V1-R0,D0017,0,3,0,1,0,0.012328862382688266,0,0,1
I1-V1-R0,D0017,0,4,1,,0,,,1,1
I1-V1-R1,D0017,0,4,0,1,0,0.2932104562963995,0,0,1
I1-V1-R1,D0017,0,5,1,,0,,,1,1
I0-V1-R0,D0017,0,3,0,0,1,-0.1052524787645166,0,0,1
I0-V1-R0,D0017,0,4,0,1,0,0.14340716827015987,0,0,1
I0-V1-R0,D0017,0,5,1,,0,,,1,1
I0-V1-R1,D0017,0,4,0,0,0,0.27860180850835325,0,0,1
I0-V1-R1,D0017,0,5,0,1,0,0.01460864778804627,0,0,1
I0-V1-R1,D0017,0,6,1,,0,,,1,1
I1-V1-R0,D0011,0,4,1,,0,,,1,1
I1-V1-R1,D0011,0,4,1,0,1,-0.04356366233548892,0,1,1
I1-V1-R1,D0011,0,5,0,,0,,,0,1
I0-V1-R1,D0011,0,4,1,,0,,,1,1
I0-V1-R0,D0011,0,3,1,,0,,,1,1
I0-V1-R0,D0004,0,4,0,1,0,0.03993575261652427,0,0,1
I0-V1-R0,D0004,0,5,1,,0,,,1,1
I0-V1-R1,D0004,0,4,0,0,0,0.038200377470685276,0,0,1
I0-V1-R1,D0004,0,5,0,1,0,0.001735375145838991,0,0,1
I0-V1-R1,D0004,0,6,1,,0,,,1,1
I1-V1-R1,D0004,0,4,0,1,0,0.03993575261652427,0,0,1
I1-V1-R1,D0004,0,5,1,,0,,,1,1
I1-V1-R0,D0004,0,4,0,1,0,0.03993575261652427,0,0,1
I1-V1-R0,D0004,0,5,1,,0,,,1,1
