condition,category,k,outcome,eligible,unobserved,n,positive,rate,ci_low,ci_high,n_scenarios
I0-V0-R0,command,1,next_relevant_operation_success,5,0,5,5,1.0,1.0,1.0,5
I0-V0-R0,command,1,eventual_operation_recovery,5,0,5,5,1.0,1.0,1.0,5
I0-V0-R0,command,1,final_success,5,0,5,2,0.4,0.0,0.8,5
I0-V0-R0,physical,1,next_relevant_operation_success,10,10,0,0,,,,0
I0-V0-R0,physical,1,eventual_operation_recovery,10,0,10,0,0.0,0.0,0.0,10
I0-V0-R0,physical,1,final_success,10,0,10,0,0.0,0.0,0.0,10
I0-V0-R1,command,1,next_relevant_operation_success,5,0,5,2,0.4,0.0,0.8,5
I0-V0-R1,command,1,eventual_operation_recovery,5,0,5,5,1.0,1.0,1.0,5
I0-V0-R1,command,1,final_success,5,0,5,5,1.0,1.0,1.0,5
I0-V0-R1,command,2,next_relevant_operation_success,3,0,3,2,0.6666666666666666,0.0,1.0,3
I0-V0-R1,command,2,eventual_operation_recovery,3,0,3,3,1.0,1.0,1.0,3
I0-V0-R1,command,2,final_success,3,0,3,3,1.0,1.0,1.0,3
I0-V0-R1,command,3,next_relevant_operation_success,1,0,1,1,1.0,,,1
I0-V0-R1,command,3,eventual_operation_recovery,1,0,1,1,1.0,,,1
I0-V0-R1,command,3,final_success,1,0,1,1,1.0,,,1
I0-V0-R1,physical,1,next_relevant_operation_success,9,0,9,7,0.7777777777777778,0.4444444444444444,1.0,9
I0-V0-R1,physical,1,eventual_operation_recovery,9,0,9,9,1.0,1.0,1.0,9
I0-V0-R1,physical,1,final_success,9,0,9,9,1.0,1.0,1.0,9
I0-V0-R1,physical,2,next_relevant_operation_success,2,0,2,2,1.0,1.0,1.0,2
I0-V0-R1,physical,2,eventual_operation_recovery,2,0,2,2,1.0,1.0,1.0,2
I0-V0-R1,physical,2,final_success,2,0,2,2,1.0,1.0,1.0,2
I0-V1-R0,physical,1,next_relevant_operation_success,10,0,10,9,0.9,0.7,1.0,10
I0-V1-R0,physical,1,eventual_operation_recovery,10,0,10,10,1.0,1.0,1.0,10
I0-V1-R0,physical,1,final_success,10,0,10,10,1.0,1.0,1.0,10
I0-V1-R0,physical,2,next_relevant_operation_success,1,0,1,1,1.0,,,1
I0-V1-R0,physical,2,eventual_operation_recovery,1,0,1,1,1.0,,,1
I0-V1-R0,physical,2,final_success,1,0,1,1,1.0,,,1
I0-V1-R1,command,1,next_relevant_operation_success,2,0,2,2,1.0,1.0,1.0,2
I0-V1-R1,command,1,eventual_operation_recovery,2,0,2,2,1.0,1.0,1.0,2
I0-V1-R1,command,1,final_success,2,0,2,2,1.0,1.0,1.0,2
I0-V1-R1,physical,1,next_relevant_operation_success,9,0,9,6,0.6666666666666666,0.3333333333333333,0.8888888888888888,9
I0-V1-R1,physical,1,eventual_operation_recovery,9,0,9,9,1.0,1.0,1.0,9
I0-V1-R1,physical,1,final_success,9,0,9,9,1.0,1.0,1.0,9
I0-V1-R1,physical,2,next_relevant_operation_success,3,0,3,3,1.0,1.0,1.0,3
I0-V1-R1,physical,2,eventual_operation_recovery,3,0,3,3,1.0,1.0,1.0,3
I0-V1-R1,physical,2,final_success,3,0,3,3,1.0,1.0,1.0,3
I1-V0-R0,command,1,next_relevant_operation_success,7,0,7,7,1.0,1.0,1.0,7
I1-V0-R0,command,1,eventual_operation_recovery,7,0,7,7,1.0,1.0,1.0,7
I1-V0-R0,command,1,final_success,7,0,7,6,0.8571428571428571,0.5714285714285714,1.0,7
I1-V0-R0,physical,1,next_relevant_operation_success,11,11,0,0,,,,0
I1-V0-R0,physical,1,eventual_operation_recovery,11,0,11,0,0.0,0.0,0.0,11
I1-V0-R0,physical,1,final_success,11,0,11,0,0.0,0.0,0.0,11
I1-V0-R1,command,1,next_relevant_operation_success,7,0,7,7,1.0,1.0,1.0,7
I1-V0-R1,command,1,eventual_operation_recovery,7,0,7,7,1.0,1.0,1.0,7
I1-V0-R1,command,1,final_success,7,0,7,6,0.8571428571428571,0.5714285714285714,1.0,7
I1-V0-R1,physical,1,next_relevant_operation_success,13,0,13,12,0.9230769230769231,0.7692307692307693,1.0,13
I1-V0-R1,physical,1,eventual_operation_recovery,13,0,13,12,0.9230769230769231,0.7692307692307693,1.0,13
I1-V0-R1,physical,1,final_success,13,0,13,12,0.9230769230769231,0.7692307692307693,1.0,13
I1-V0-R1,physical,2,next_relevant_operation_success,1,1,0,0,,,,0
I1-V0-R1,physical,2,eventual_operation_recovery,1,0,1,0,0.0,,,1
I1-V0-R1,physical,2,final_success,1,0,1,0,0.0,,,1
I1-V1-R0,command,1,next_relevant_operation_success,1,0,1,1,1.0,,,1
I1-V1-R0,command,1,eventual_operation_recovery,1,0,1,1,1.0,,,1
I1-V1-R0,command,1,final_success,1,0,1,1,1.0,,,1
I1-V1-R0,physical,1,next_relevant_operation_success,9,0,9,8,0.8888888888888888,0.6666666666666666,1.0,9
I1-V1-R0,physical,1,eventual_operation_recovery,9,0,9,9,1.0,1.0,1.0,9
I1-V1-R0,physical,1,final_success,9,0,9,9,1.0,1.0,1.0,9
I1-V1-R0,physical,2,next_relevant_operation_success,1,0,1,1,1.0,,,1
I1-V1-R0,physical,2,eventual_operation_recovery,1,0,1,1,1.0,,,1
I1-V1-R0,physical,2,final_success,1,0,1,1,1.0,,,1
I1-V1-R1,command,1,next_relevant_operation_success,1,0,1,1,1.0,,,1
I1-V1-R1,command,1,eventual_operation_recovery,1,0,1,1,1.0,,,1
I1-V1-R1,command,1,final_success,1,0,1,1,1.0,,,1
I1-V1-R1,physical,1,next_relevant_operation_success,11,0,11,9,0.8181818181818182,0.6363636363636364,1.0,11
I1-V1-R1,physical,1,eventual_operation_recovery,11,0,11,11,1.0,1.0,1.0,11
I1-V1-R1,physical,1,final_success,11,0,11,11,1.0,1.0,1.0,11
I1-V1-R1,physical,2,next_relevant_operation_success,2,0,2,2,1.0,1.0,1.0,2
I1-V1-R1,physical,2,eventual_operation_recovery,2,0,2,2,1.0,1.0,1.0,2
I1-V1-R1,physical,2,final_success,2,0,2,2,1.0,1.0,1.0,2
