audit_actual_pf,online_actual_pf,policy,preview_calls,proposal_queries,scenario_id,stop,submit_calls,success,total_actual_pf,structure_class
1,1,no_action,0,0,D0001,open_loop,1,0,2,S2
1,1,all_full,0,0,D0001,open_loop,1,0,2,S2
1,4,uniform_bisection,3,3,D0001,bracket_empty,1,0,5,S2
1,4,bounded_local,3,3,D0001,success,1,1,5,S2
1,1,no_action,0,0,D0002,open_loop,1,0,2,S3
1,1,all_full,0,0,D0002,open_loop,1,0,2,S3
1,3,uniform_bisection,2,2,D0002,bracket_empty,1,0,4,S3
1,5,bounded_local,4,4,D0002,query_budget_or_no_unseen_neighbor,1,0,6,S3
1,1,no_action,0,0,D0003,open_loop,1,0,2,S1
1,1,all_full,0,0,D0003,open_loop,1,0,2,S1
1,2,uniform_bisection,1,1,D0003,success,1,1,3,S1
1,2,bounded_local,1,1,D0003,success,1,1,3,S1
1,1,no_action,0,0,D0004,open_loop,1,0,2,S4
1,1,all_full,0,0,D0004,open_loop,1,0,2,S4
1,4,uniform_bisection,3,3,D0004,bracket_empty,1,0,5,S4
1,5,bounded_local,4,4,D0004,query_budget_or_no_unseen_neighbor,1,0,6,S4
1,1,no_action,0,0,D0005,open_loop,1,0,2,S1
1,1,all_full,0,0,D0005,open_loop,1,0,2,S1
1,2,uniform_bisection,1,1,D0005,success,1,1,3,S1
1,2,bounded_local,1,1,D0005,success,1,1,3,S1
1,1,no_action,0,0,D0006,open_loop,1,0,2,S3
1,1,all_full,0,0,D0006,open_loop,1,0,2,S3
1,4,uniform_bisection,3,3,D0006,bracket_empty,1,0,5,S3
1,5,bounded_local,4,4,D0006,success,1,1,6,S3
1,1,no_action,0,0,D0007,open_loop,1,0,2,S4
1,1,all_full,0,0,D0007,open_loop,1,0,2,S4
1,2,uniform_bisection,1,1,D0007,mixed_violation,1,0,3,S4
1,5,bounded_local,4,4,D0007,query_budget_or_no_unseen_neighbor,1,0,6,S4
1,1,no_action,0,0,D0008,open_loop,1,0,2,S1
1,1,all_full,0,0,D0008,open_loop,1,0,2,S1
1,2,uniform_bisection,1,1,D0008,success,1,1,3,S1
1,2,bounded_local,1,1,D0008,success,1,1,3,S1
1,1,no_action,0,0,D0009,open_loop,1,0,2,S4
1,1,all_full,0,0,D0009,open_loop,1,0,2,S4
1,2,uniform_bisection,1,1,D0009,mixed_violation,1,0,3,S4
1,5,bounded_local,4,4,D0009,query_budget_or_no_unseen_neighbor,1,0,6,S4
1,1,no_action,0,0,D0010,open_loop,1,0,2,S1
1,1,all_full,0,0,D0010,open_loop,1,0,2,S1
1,2,uniform_bisection,1,1,D0010,success,1,1,3,S1
1,2,bounded_local,1,1,D0010,success,1,1,3,S1
1,1,no_action,0,0,D0011,open_loop,1,0,2,S2
1,1,all_full,0,0,D0011,open_loop,1,0,2,S2
1,4,uniform_bisection,3,3,D0011,bracket_empty,1,0,5,S2
1,5,bounded_local,4,4,D0011,success,1,1,6,S2
1,1,no_action,0,0,D0012,open_loop,1,0,2,S1
1,1,all_full,0,0,D0012,open_loop,1,0,2,S1
1,2,uniform_bisection,1,1,D0012,success,1,1,3,S1
1,2,bounded_local,1,1,D0012,success,1,1,3,S1
1,1,no_action,0,0,D0013,open_loop,1,0,2,S2
1,1,all_full,0,0,D0013,open_loop,1,0,2,S2
1,3,uniform_bisection,2,2,D0013,bracket_empty,1,0,4,S2
1,5,bounded_local,4,4,D0013,query_budget_or_no_unseen_neighbor,1,0,6,S2
1,1,no_action,0,0,D0014,open_loop,1,0,2,S1
1,1,all_full,0,0,D0014,open_loop,1,1,2,S1
1,2,uniform_bisection,1,1,D0014,success,1,1,3,S1
1,2,bounded_local,1,1,D0014,success,1,1,3,S1
1,1,no_action,0,0,D0015,open_loop,1,0,2,S3
1,1,all_full,0,0,D0015,open_loop,1,0,2,S3
1,2,uniform_bisection,1,1,D0015,mixed_violation,1,0,3,S3
1,5,bounded_local,4,4,D0015,query_budget_or_no_unseen_neighbor,1,0,6,S3
1,1,no_action,0,0,D0016,open_loop,1,0,2,S2
1,1,all_full,0,0,D0016,open_loop,1,0,2,S2
1,2,uniform_bisection,1,1,D0016,mixed_violation,1,0,3,S2
1,5,bounded_local,4,4,D0016,query_budget_or_no_unseen_neighbor,1,0,6,S2
1,1,no_action,0,0,D0017,open_loop,1,0,2,S4
1,1,all_full,0,0,D0017,open_loop,1,0,2,S4
1,2,uniform_bisection,1,1,D0017,mixed_violation,1,0,3,S4
1,5,bounded_local,4,4,D0017,query_budget_or_no_unseen_neighbor,1,0,6,S4
1,1,no_action,0,0,D0018,open_loop,1,0,2,S2
1,1,all_full,0,0,D0018,open_loop,1,0,2,S2
1,3,uniform_bisection,2,2,D0018,bracket_empty,1,0,4,S2
1,5,bounded_local,4,4,D0018,query_budget_or_no_unseen_neighbor,1,0,6,S2
1,1,no_action,0,0,D0019,open_loop,1,0,2,S1
1,1,all_full,0,0,D0019,open_loop,1,0,2,S1
1,2,uniform_bisection,1,1,D0019,success,1,1,3,S1
1,2,bounded_local,1,1,D0019,success,1,1,3,S1
1,1,no_action,0,0,D0020,open_loop,1,0,2,S2
1,1,all_full,0,0,D0020,open_loop,1,0,2,S2
1,3,uniform_bisection,2,2,D0020,bracket_empty,1,0,4,S2
1,5,bounded_local,4,4,D0020,query_budget_or_no_unseen_neighbor,1,0,6,S2
1,1,no_action,0,0,D0021,open_loop,1,0,2,S4
1,1,all_full,0,0,D0021,open_loop,1,0,2,S4
1,2,uniform_bisection,1,1,D0021,mixed_violation,1,0,3,S4
1,5,bounded_local,4,4,D0021,query_budget_or_no_unseen_neighbor,1,0,6,S4
1,1,no_action,0,0,D0022,open_loop,1,0,2,S2
1,1,all_full,0,0,D0022,open_loop,1,0,2,S2
1,3,uniform_bisection,2,2,D0022,bracket_empty,1,0,4,S2
1,5,bounded_local,4,4,D0022,query_budget_or_no_unseen_neighbor,1,0,6,S2
1,1,no_action,0,0,D0023,open_loop,1,0,2,S4
1,1,all_full,0,0,D0023,open_loop,1,0,2,S4
1,4,uniform_bisection,3,3,D0023,bracket_empty,1,0,5,S4
1,5,bounded_local,4,4,D0023,query_budget_or_no_unseen_neighbor,1,0,6,S4
1,1,no_action,0,0,D0024,open_loop,1,0,2,S4
1,1,all_full,0,0,D0024,open_loop,1,0,2,S4
1,4,uniform_bisection,3,3,D0024,mixed_violation,1,0,5,S4
1,5,bounded_local,4,4,D0024,query_budget_or_no_unseen_neighbor,1,0,6,S4
1,1,no_action,0,0,D0025,open_loop,1,0,2,S2
1,1,all_full,0,0,D0025,open_loop,1,0,2,S2
1,4,uniform_bisection,3,3,D0025,bracket_empty,1,0,5,S2
1,5,bounded_local,4,4,D0025,success,1,1,6,S2
1,1,no_action,0,0,D0026,open_loop,1,0,2,S3
1,1,all_full,0,0,D0026,open_loop,1,0,2,S3
1,2,uniform_bisection,1,1,D0026,mixed_violation,1,0,3,S3
1,5,bounded_local,4,4,D0026,query_budget_or_no_unseen_neighbor,1,0,6,S3
1,1,no_action,0,0,D0027,open_loop,1,0,2,S4
1,1,all_full,0,0,D0027,open_loop,1,0,2,S4
1,4,uniform_bisection,3,3,D0027,bracket_empty,1,0,5,S4
1,5,bounded_local,4,4,D0027,query_budget_or_no_unseen_neighbor,1,0,6,S4
1,1,no_action,0,0,D0028,open_loop,1,0,2,S3
1,1,all_full,0,0,D0028,open_loop,1,0,2,S3
1,4,uniform_bisection,3,3,D0028,bracket_empty,1,0,5,S3
1,4,bounded_local,3,3,D0028,success,1,1,5,S3
1,1,no_action,0,0,D0029,open_loop,1,0,2,S3
1,1,all_full,0,0,D0029,open_loop,1,0,2,S3
1,2,uniform_bisection,1,1,D0029,mixed_violation,1,0,3,S3
1,5,bounded_local,4,4,D0029,query_budget_or_no_unseen_neighbor,1,0,6,S3
1,1,no_action,0,0,D0030,open_loop,1,0,2,S1
1,1,all_full,0,0,D0030,open_loop,1,0,2,S1
1,3,uniform_bisection,2,2,D0030,success,1,1,4,S1
1,3,bounded_local,2,2,D0030,success,1,1,4,S1
1,1,no_action,0,0,D0031,open_loop,1,0,2,S3
1,1,all_full,0,0,D0031,open_loop,1,0,2,S3
1,4,uniform_bisection,3,3,D0031,bracket_empty,1,0,5,S3
1,5,bounded_local,4,4,D0031,success,1,1,6,S3
1,1,no_action,0,0,D0032,open_loop,1,0,2,S3
1,1,all_full,0,0,D0032,open_loop,1,0,2,S3
1,4,uniform_bisection,3,3,D0032,bracket_empty,1,0,5,S3
1,5,bounded_local,4,4,D0032,query_budget_or_no_unseen_neighbor,1,0,6,S3
